{"epoch": 41, "loss": 0.33724853143175665, "accuracy": 0.8264587653941675, "_timestamp": 1705725082.0160275, "_runtime": 1638.2085604667664, "_step": 81, "validation_accuracy": 0.8268684148788452}